Link, Anchor Text
"https://www.tbmm.gov.tr/develop/owa/tutanak_dergisi_pdfler.sorgu_ekrani", Sorgu Sayfasına Dön
"https://www.tbmm.gov.tr/tutanaklar/TUTANAK/TBMM/t01/c001/tbmm01001fih.pdf", 1. Cilt Fihristi
"https://www.tbmm.gov.tr/tutanaklar/TUTANAK/TBMM/t01/c001/tbmm01001001.pdf", 1. Birleşim
"https://www.tbmm.gov.tr/tutanaklar/TUTANAK/TBMM/t01/c001/tbmm01001002.pdf", 2. Birleşim
"https://www.tbmm.gov.tr/tutanaklar/TUTANAK/TBMM/t01/c001/tbmm01001003.pdf", 3. Birleşim
"https://www.tbmm.gov.tr/tutanaklar/TUTANAK/TBMM/t01/c001/tbmm01001004.pdf", 4. Birleşim
"https://www.tbmm.gov.tr/tutanaklar/TUTANAK/TBMM/t01/c001/tbmm01001005.pdf", 5. Birleşim
"https://www.tbmm.gov.tr/tutanaklar/TUTANAK/TBMM/t01/c001/tbmm01001006.pdf", 6. Birleşim
"https://www.tbmm.gov.tr/tutanaklar/TUTANAK/TBMM/t01/c001/tbmm01001007.pdf", 7. Birleşim
"https://www.tbmm.gov.tr/tutanaklar/TUTANAK/TBMM/t01/c001/tbmm01001008.pdf", 8. Birleşim
"https://www.tbmm.gov.tr/tutanaklar/TUTANAK/TBMM/t01/c001/tbmm01001009.pdf", 9. Birleşim
"https://www.tbmm.gov.tr/tutanaklar/TUTANAK/TBMM/t01/c001/tbmm01001010.pdf", 10. Birleşim
"https://www.tbmm.gov.tr/tutanaklar/TUTANAK/TBMM/t01/c001/tbmm01001011.pdf", 11. Birleşim
"https://www.tbmm.gov.tr/tutanaklar/TUTANAK/TBMM/t01/c001/tbmm01001012.pdf", 12. Birleşim
"https://www.tbmm.gov.tr/tutanaklar/TUTANAK/TBMM/t01/c001/tbmm01001013.pdf", 13. Birleşim
"https://www.tbmm.gov.tr/tutanaklar/TUTANAK/TBMM/t01/c001/tbmm01001014.pdf", 14. Birleşim
"https://www.tbmm.gov.tr/tutanaklar/TUTANAK/TBMM/t01/c001/tbmm01001015.pdf", 15. Birleşim
"https://www.tbmm.gov.tr/tutanaklar/TUTANAK/TBMM/t01/c001/tbmm01001016.pdf", 16. Birleşim
"https://www.tbmm.gov.tr/tutanaklar/TUTANAK/TBMM/t01/c001/tbmm01001017.pdf", 17. Birleşim
"https://www.tbmm.gov.tr/tutanaklar/TUTANAK/TBMM/t01/c001/tbmm01001018.pdf", 18. Birleşim
"https://www.tbmm.gov.tr/tutanaklar/TUTANAK/TBMM/t01/c001/tbmm01001019.pdf", 19. Birleşim
"https://www.tbmm.gov.tr/tutanaklar/TUTANAK/TBMM/t01/c001/tbmm01001020.pdf", 20. Birleşim
"https://www.tbmm.gov.tr/tutanaklar/TUTANAK/TBMM/t01/c001/tbmm01001021.pdf", 21. Birleşim